Surah;Ayat;Terjemahan
2;119;"Sesungguhnya Kami telah mengutusmu (Muhammad) dengan kebenaran; sebagai pembawa berita gembira dan pemberi peringatan, dan kamu tidak akan diminta (pertanggungan jawab) tentang penghuni-penghuni neraka."
2;206;"Dan apabila dikatakan kepadanya: ""Bertakwalah kepada Allah"", bangkitlah kesombongannya yang menyebabkannya berbuat dosa. Maka cukuplah (balasannya) neraka Jahannam. Dan sungguh neraka Jahannam itu tempat tinggal yang seburuk-buruknya."
3;112;Mereka diliputi kehinaan di mana saja mereka berada, kecuali jika mereka berpegang kepada tali (agama) Allah dan tali (perjanjian) dengan manusia, dan mereka kembali mendapat kemurkaan dari Allah dan mereka diliputi kerendahan. Yang demikian itu karena mereka kafir kepada ayat-ayat Allah dan membunuh para nabi tanpa alasan yang benar. Yang demikian itu disebabkan mereka durhaka dan melampaui batas.
3;162;Apakah orang yang mengikuti keridhaan Allah sama dengan orang yang kembali membawa kemurkaan (yang besar) dari Allah dan tempatnya adalah Jahannam? Dan itulah seburuk-buruk tempat kembali.
3;197;"Itu hanyalah kesenangan sementara, kemudian tempat tinggal mereka ialah Jahannam; dan Jahannam itu adalah tempat yang seburuk-buruknya."
4;55;Maka di antara mereka (orang-orang yang dengki itu), ada orang-orang yang beriman kepadanya, dan di antara mereka ada orang-orang yang menghalangi (manusia) dari beriman kepadanya. Dan cukuplah (bagi mereka) Jahannam yang menyala-nyala apinya.
4;93;Dan barangsiapa yang membunuh seorang mukmin dengan sengaja maka balasannya ialah Jahannam, kekal ia di dalamnya dan Allah murka kepadanya, dan mengutukinya serta menyediakan azab yang besar baginya.
4;97;"Sesungguhnya orang-orang yang diwafatkan malaikat dalam keadaan menganiaya diri sendiri, (kepada mereka) malaikat bertanya: ""Dalam keadaan bagaimana kamu ini?"". Mereka menjawab: ""Adalah kami orang-orang yang tertindas di negeri (Mekah)"". Para malaikat berkata: ""Bukankah bumi Allah itu luas, sehingga kamu dapat berhijrah di bumi itu?"". Orang-orang itu tempatnya neraka Jahannam, dan Jahannam itu seburuk-buruk tempat kembali,"
4;115;Dan barangsiapa yang menentang Rasul sesudah jelas kebenaran baginya, dan mengikuti jalan yang bukan jalan orang-orang mukmin, Kami biarkan ia leluasa terhadap kesesatan yang telah dikuasainya itu dan Kami masukkan ia ke dalam Jahannam, dan Jahannam itu seburuk-buruk tempat kembali.
4;121;Mereka itu tempatnya Jahannam dan mereka tidak memperoleh tempat lari dari padanya.
4;140;Dan sungguh Allah telah menurunkan kekuatan kepada kamu di dalam Al Quran bahwa apabila kamu mendengar ayat-ayat Allah diingkari dan diperolok-olokkan (oleh orang-orang kafir), maka janganlah kamu duduk beserta mereka, sehingga mereka memasuki pembicaraan yang lain. Karena sesungguhnya (kalau kamu berbuat demikian), tentulah kamu serupa dengan mereka. Sesungguhnya Allah akan mengumpulkan semua orang-orang munafik dan orang-orang kafir di dalam Jahannam,
4;169;"kecuali jalan ke neraka Jahannam; mereka kekal di dalamnya selama-lamanya. Dan yang demikian itu adalah mudah bagi Allah."
5;10;Adapun orang-orang yang kafir dan mendustakan ayat-ayat Kami, mereka itu adalah penghuni neraka.
5;86;Dan orang-orang kafir serta mendustakan ayat-ayat Kami, mereka itulah penghuni neraka.
7;18;"Allah berfirman: ""Keluarlah kamu dari surga itu sebagai orang terhina lagi terusir. Sesungguhnya barangsiapa di antara mereka mengikuti kamu, benar-benar Aku akan mengisi neraka Jahannam dengan kamu semuanya""."
7;41;Mereka mempunyai tikar tidur dari api neraka dan di atas mereka ada selimut (api neraka). Demikianlah Kami memberi balasan kepada orang-orang yang zalim,
7;179;Dan sesungguhnya Kami jadikan untuk (isi neraka Jahannam) kebanyakan dari jin dan manusia, mereka mempunyai hati, tetapi tidak dipergunakannya untuk memahami (ayat-ayat Allah) dan mereka mempunyai mata (tetapi) tidak dipergunakannya untuk melihat (tanda-tanda kekuasaan Allah), dan mereka mempunyai telinga (tetapi) tidak dipergunakannya untuk mendengar (ayat-ayat Allah). Mereka itu sebagai binatang ternak, bahkan mereka lebih sesat lagi. Mereka itulah orang-orang yang lalai.
8;16;Barangsiapa yang membelakangi mereka (mundur) di waktu itu, kecuali berbelok untuk (sisat) perang atau hendak menggabungkan diri dengan pasukan yang lain, maka sesungguhnya orang itu kembali dengan membawa kemurkaan dari Allah, dan tempatnya ialah neraka Jahannam. Dan amat buruklah tempat kembalinya.
8;36;Sesungguhnya orang-orang yang kafir menafkahkan harta mereka untuk menghalangi (orang) dari jalan Allah. Mereka akan menafkahkan harta itu, kemudian menjadi sesalan bagi mereka, dan mereka akan dikalahkan. Dan ke dalam Jahannam-lah orang-orang yang kafir itu dikumpulkan,
8;37;supaya Allah memisahkan (golongan) yang buruk dari yang baik dan menjadikan (golongan) yang buruk itu sebagiannya di atas sebagian yang lain, lalu kesemuanya ditumpukkan-Nya, dan dimasukkan-Nya ke dalam neraka Jahannam. Mereka itulah orang-orang yang merugi.
9;35;"pada hari dipanaskan emas perak itu dalam neraka jahannam, lalu dibakar dengannya dahi mereka, lambung dan punggung mereka (lalu dikatakan) kepada mereka: ""Inilah harta bendamu yang kamu simpan untuk dirimu sendiri, maka rasakanlah sekarang (akibat dari) apa yang kamu simpan itu""."
9;49;"Di antara mereka ada orang yang berkata: ""Berilah saya keizinan (tidak pergi berperang) dan janganlah kamu menjadikan saya terjerumus dalam fitnah"". Ketahuilah bahwa mereka telah terjerumus ke dalam fitnah. Dan sesungguhnya Jahannam itu benar-benar meliputi orang-orang yang kafir."
9;63;Tidaklah mereka (orang-orang munafik itu) mengetahui bahwasanya barangsiapa menentang Allah dan Rasul-Nya, maka sesungguhnya nerakan jahannam-lah baginya, kekal mereka di dalamnya. Itu adalah kehinaan yang besar.
9;68;Allah mengancam orang-orang munafik laki-laki dan perempuan dan orang-orang kafir dengan neraka Jahannam, mereka kekal di dalamnya. Cukuplah neraka itu bagi mereka, dan Allah melaknati mereka, dan bagi mereka azab yang kekal.
9;73;Hai Nabi, berjihadlah (melawan) orang-orang kafir dan orang-orang munafik itu, dan bersikap keraslah terhadap mereka. Tempat mereka ialah jahannam. Dan itu adalah tempat kembali yang seburuk-buruknya.
9;81;"Orang-orang yang ditinggalkan (tidak ikut perang) itu, merasa gembira dengan tinggalnya mereka di belakang Rasulullah, dan mereka tidak suka berjihad dengan harta dan jiwa mereka pada jalan Allah dan mereka berkata: ""Janganlah kamu berangkat (pergi berperang) dalam panas terik ini"". Katakanlah: ""Api neraka jahannam itu lebih sangat panas(nya)"" jika mereka mengetahui."
9;95;"Kelak mereka akan bersumpah kepadamu dengan nama Allah, apabila kamu kembali kepada mereka, supaya kamu berpaling dari mereka. Maka berpalinglah dari mereka; karena sesungguhnya mereka itu adalah najis dan tempat mereka jahannam; sebagai balasan atas apa yang telah mereka kerjakan."
9;109;Maka apakah orang-orang yang mendirikan mesjidnya di atas dasar takwa kepada Allah dan keridhaan-(Nya) itu yang baik, ataukah orang-orang yang mendirikan bangunannya di tepi jurang yang runtuh, lalu bangunannya itu jatuh bersama-sama dengan dia ke dalam neraka Jahannam. Dan Allah tidak memberikan petunjuk kepada orang-orang yang zalim.
9;113;Tiadalah sepatutnya bagi Nabi dan orang-orang yang beriman memintakan ampun (kepada Allah) bagi orang-orang musyrik, walaupun orang-orang musyrik itu adalah kaum kerabat(nya), sesudah jelas bagi mereka, bahwasanya orang-orang musyrik itu adalah penghuni neraka jahannam.
11;82;Maka tatkala datang azab Kami, Kami jadikan negeri kaum Luth itu yang di atas ke bawah (Kami balikkan), dan Kami hujani mereka dengan batu dari tanah yang terbakar dengan bertubi-tubi,
11;119;kecuali orang-orang yang diberi rahmat oleh Tuhanmu. Dan untuk itulah Allah menciptakan mereka. Kalimat Tuhanmu (keputusan-Nya) telah ditetapkan: sesungguhnya Aku akan memenuhi neraka Jahannam dengan jin dan manusia (yang durhaka) semuanya.
13;18;Bagi orang-orang yang memenuhi seruan Tuhannya, (disediakan) pembalasan yang baik. Dan orang-orang yang tidak memenuhi seruan Tuhan, sekiranya mereka mempunyai semua (kekayaan) yang ada di bumi dan (ditambah) sebanyak isi bumi itu lagi besertanya, niscaya mereka akan menebus dirinya dengan kekayaan itu. Orang-orang itu disediakan baginya hisab yang buruk dan tempat kediaman mereka ialah Jahannam dan itulah seburuk-buruk tempat kediaman.
14;16;di hadapannya ada Jahannam dan dia akan diberi minuman dengan air nanah,
14;29;"yaitu neraka jahannam; mereka masuk kedalamnya; dan itulah seburuk-buruk tempat kediaman."
15;43;Dan sesungguhnya Jahannam itu benar-benar tempat yang telah diancamkan kepada mereka (pengikut-pengikut syaitan) semuanya.
16;29;Maka masukilah pintu-pintu neraka Jahannam, kamu kekal di dalamnya. Maka amat buruklah tempat orang-orang yang menyombongkan diri itu.
17;8;"Mudah-mudahan Tuhanmu akan melimpahkan rahmat(Nya) kepadamu; dan sekiranya kamu kembali kepada (kedurhakaan) niscaya Kami kembali (mengazabmu) dan Kami jadikan neraka Jahannam penjara bagi orang-orang yang tidak beriman."
17;18;"Barangsiapa menghendaki kehidupan sekarang (duniawi), maka Kami segerakan baginya di dunia itu apa yang kami kehendaki bagi orang yang kami kehendaki dan Kami tentukan baginya neraka jahannam; ia akan memasukinya dalam keadaan tercela dan terusir."
17;39;Itulah sebagian hikmah yang diwahyukan Tuhanmu kepadamu. Dan janganlah kamu mengadakan tuhan yang lain di samping Allah, yang menyebabkan kamu dilemparkan ke dalam neraka dalam keadaan tercela lagi dijauhkan (dari rahmat Allah).
17;63;"Tuhan berfirman: ""Pergilah, barangsiapa di antara mereka yang mengikuti kamu, maka sesungguhnya neraka Jahannam adalah balasanmu semua, sebagai suatu pembalasan yang cukup."
17;98;"Itulah balasan bagi mereka, karena sesungguhnya mereka kafir kepada ayat-ayat Kami dan (karena mereka) berkata: ""Apakah bila kami telah menjadi tulang belulang dan benda-benda yang hancur, apakah kami benar-benar akan dibangkitkan kembali sebagai makhluk baru?"""
18;100;dan Kami nampakkan Jahannam pada hari itu kepada orang-orang kafir dengan jelas,
18;102;maka apakah orang-orang kafir menyangka bahwa mereka (dapat) mengambil hamba-hamba-Ku menjadi penolong selain Aku? Sesungguhnya Kami telah menyediakan neraka Jahannam tempat tinggal bagi orang-orang kafir.
18;106;Demikianlah balasan mereka itu neraka Jahannam, disebabkan kekafiran mereka dan disebabkan mereka menjadikan ayat-ayat-Ku dan rasul-rasul-Ku sebagai olok-olok.
19;68;Demi Tuhanmu, sesungguhnya akan Kami bangkitkan mereka bersama syaitan, kemudian akan Kami datangkan mereka ke sekeliling Jahannam dengan berlutut.
19;86;dan Kami akan menghalau orang-orang yang durhaka ke neraka Jahannam dalam keadaan dahaga.
20;74;Sesungguhnya barangsiapa datang kepada Tuhannya dalam keadaan berdosa, maka sesungguhnya baginya neraka Jahannam. Ia tidak mati di dalamnya dan tidak (pula) hidup.
21;29;"Dan barangsiapa di antara mereka, mengatakan: ""Sesungguhnya Aku adalah tuhan selain daripada Allah"", maka orang itu Kami beri balasan dengan Jahannam, demikian Kami memberikan pembalasan kepada orang-orang zalim."
21;98;Sesungguhnya kamu dan apa yang kamu sembah selain Allah, adalah umpan Jahannam, kamu pasti masuk ke dalamnya.
22;51;"Dan orang-orang yang berusaha dengan maksud menentang ayat-ayat Kami dengan melemahkan (kemauan untuk beriman); mereka itu adalah penghuni-penghuni neraka."
23;103;Dan barangsiapa yang ringan timbangannya, maka mereka itulah orang-orang yang merugikan dirinya sendiri, mereka kekal di dalam neraka Jahannam.
25;34;Orang-orang yang dihimpunkan ke neraka Jahannam dengan diseret atas muka-muka mereka, mereka itulah orang yang paling buruk tempatnya dan paling sesat jalannya.
25;65;"Dan orang-orang yang berkata: ""Ya Tuhan kami, jauhkan azab jahannam dari kami, sesungguhnya azabnya itu adalah kebinasaan yang kekal""."
26;91;"dan diperlihatkan dengan jelas neraka Jahiim kepada orang-orang yang sesat"","
29;54;Mereka meminta kepadamu supaya segera diturunkan azab. Dan sesungguhnya Jahannam benar-benar meliputi orang-orang yang kafir,
29;68;Dan siapakah yang lebih zalim daripada orang-orang yang mengada-adakan kedustaan terhadap Allah atau mendustakan yang hak tatkala yang hak itu datang kepadanya? Bukankah dalam neraka Jahannam itu ada tempat bagi orang-orang yang kafir?
30;10;Kemudian, akibat orang-orang yang mengerjakan kejahatan adalah (azab) yang lebih buruk, karena mereka mendustakan ayat-ayat Allah dan mereka selalu memperolok-oloknya.
32;13;"Dan kalau Kami menghendaki niscaya Kami akan berikan kepada tiap-tiap jiwa petunjuk, akan tetapi telah tetaplah perkataan dari pada-Ku: ""Sesungguhnya akan Aku penuhi neraka jahannam itu dengan jin dan manusia bersama-sama""."
35;36;Dan orang-orang kafir bagi mereka neraka Jahannam. Mereka tidak dibinasakan sehingga mereka mati dan tidak (pula) diringankan dari mereka azabnya. Demikianlah Kami membalas setiap orang yang sangat kafir.
36;63;Inilah Jahannam yang dahulu kamu diancam (dengannya).
37;23;"selain Allah; maka tunjukkanlah kepada mereka jalan ke neraka."
37;63;Sesungguhnya Kami menjadikan pohon zaqqum itu sebagai siksaan bagi orang-orang yang zalim.
37;163;kecuali orang-orang yang akan masuk neraka yang menyala.
38;56;"(yaitu) neraka Jahannam, yang mereka masuk ke dalamnya; maka amat buruklah Jahannam itu sebagai tempat tinggal."
38;85;Sesungguhnya Aku pasti akan memenuhi neraka Jahannam dengan jenis kamu dan dengan orang-orang yang mengikuti kamu di antara mereka kesemuanya.
39;32;Maka siapakah yang lebih zalim daripada orang yang membuat-buat dusta terhadap Allah dan mendustakan kebenaran ketika datang kepadanya? Bukankah di neraka Jahannam tersedia tempat tinggal bagi orang-orang yang kafir?
39;60;Dan pada hari kiamat kamu akan melihat orang-orang yang berbuat dusta terhadap Allah, mukanya menjadi hitam. Bukankah dalam neraka Jahannam itu ada tempat bagi orang-orang yang menyombongkan diri?
39;71;"Orang-orang kafir dibawa ke neraka Jahannam berombong-rombongan. Sehingga apabila mereka sampai ke neraka itu dibukakanlah pintu-pintunya dan berkatalah kepada mereka penjaga-penjaganya: ""Apakah belum pernah datang kepadamu rasul-rasul di antaramu yang membacakan kepadamu ayat-ayat Tuhanmu dan memperingatkan kepadamu akan pertemuan dengan hari ini?"" Mereka menjawab: ""Benar (telah datang)"". Tetapi telah pasti berlaku ketetapan azab terhadap orang-orang yang kafir."
39;72;"Dikatakan (kepada mereka): ""Masukilah pintu-pintu neraka Jahannam itu, sedang kamu kekal di dalamnya"" Maka neraka Jahannam itulah seburuk-buruk tempat bagi orang-orang yang menyombongkan diri."
40;7;"(Malaikat-malaikat) yang memikul ÇArsy dan malaikat yang berada di sekelilingnya bertasbih memuji Tuhannya dan mereka beriman kepada-Nya serta memintakan ampun bagi orang-orang yang beriman (seraya mengucapkan): ""Ya Tuhan kami, rahmat dan ilmu Engkau meliputi segala sesuatu, maka berilah ampunan kepada orang-orang yang bertaubat dan mengikuti jalan Engkau dan peliharalah mereka dari siksaan neraka yang menyala-nyala,"
40;49;"Dan orang-orang yang berada dalam neraka berkata kepada penjaga-penjaga neraka Jahannam: ""Mohonkanlah kepada Tuhanmu supaya Dia meringankan azab dari kami barang sehari""."
40;60;"Dan Tuhanmu berfirman: ""Berdoalah kepada-Ku, niscaya akan Kuperkenankan bagimu. Sesungguhnya orang-orang yang menyombongkan diri dari menyembah-Ku akan masuk neraka Jahannam dalam keadaan hina dina""."
40;76;"(Dikatakan kepada mereka): ""Masuklah kamu ke pintu-pintu neraka Jahannam, sedang kamu kekal di dalamnya. Maka itulah seburuk-buruk tempat bagi orang-orang yang sombong""."
43;62;"Dan janganlah kamu sekali-kali dipalingkan oleh syaitan; sesungguhnya syaitan itu musuh yang nyata bagimu."
43;74;Sesungguhnya orang-orang yang berdosa kekal di dalam azab neraka Jahannam.
44;47;Peganglah dia kemudian seretlah dia ke tengah-tengah neraka.
44;56;mereka tidak akan merasakan mati di dalamnya kecuali mati di dunia. Dan Allah memelihara mereka dari azab neraka,
45;10;Di hadapan mereka neraka Jahannam dan tidak akan berguna bagi mereka sedikitpun apa yang telah mereka kerjakan, dan tidak pula berguna apa yang mereka jadikan sebagai sembahan-sembahan (mereka) dari selain Allah. Dan bagi mereka azab yang besar.
48;6;dan supaya Dia mengazab orang-orang munafik laki-laki dan perempuan dan orang-orang musyrik laki-laki dan perempuan yang mereka itu berprasangka buruk terhadap Allah. Mereka akan mendapat giliran (kebinasaan) yang amat buruk dan Allah memurkai dan mengutuk mereka serta menyediakan bagi mereka neraka Jahannam. Dan (neraka Jahannam) itulah sejahat-jahat tempat kembali.
50;24;"Allah berfirman: ""Lemparkanlah olehmu berdua ke dalam neraka semua orang yang sangat ingkar dan keras kepala,"
50;30;"(Dan ingatlah akan) hari (yang pada hari itu) Kami bertanya kepada jahannam: ""Apakah kamu sudah penuh?"" Dia menjawab: ""Masih ada tambahan?"""
52;13;pada hari mereka didorong ke neraka Jahannam dengan sekuat-kuatnya.
52;18;"mereka bersuka ria dengan apa yang diberikan kepada mereka oleh Tuhan mereka; dan Tuhan mereka memelihara mereka dari azab neraka."
52;27;Maka Allah memberikan karunia kepada kami dan memelihara kami dari azab neraka.
54;48;"(Ingatlah) pada hari mereka diseret ke neraka atas muka mereka. (Dikatakan kepada mereka): ""Rasakanlah sentuhan api neraka!"""
56;93;maka dia mendapat hidangan air yang mendidih,
56;94;dan dibakar di dalam jahannam.
57;19;Dan orang-orang yang beriman kepada Allah dan Rasul-Nya, mereka itu orang-orang Shiddiqien dan orang-orang yang menjadi saksi di sisi Tuhan mereka. Bagi mereka pahala dan cahaya mereka. Dan orang-orang yang kafir dan mendustakan ayat-ayat Kami, mereka itulah penghuni-penghuni neraka.
58;8;"Apakah tidak kamu perhatikan orang-orang yang telah dilarang mengadakan pembicaraan rahasia, kemudian mereka kembali (mengerjakan) larangan itu dan mereka mengadakan pembicaraan rahasia untuk berbuat dosa, permusuhan dan durhaka kepada Rasul. Dan apabila mereka datang kepadamu, mereka mengucapkan salam kepadamu dengan memberi salam yang bukan sebagai yang ditentukan Allah untukmu. Dan mereka mengatakan kepada diri mereka sendiri: ""Mengapa Allah tidak menyiksa kita disebabkan apa yang kita katakan itu?"" Cukuplah bagi mereka Jahannam yang akan mereka masuki. Dan neraka itu adalah seburuk-buruk tempat kembali."
66;9;Hai Nabi, perangilah orang-orang kafir dan orang-orang munafik dan bersikap keraslah terhadap mereka. Tempat mereka adalah jahannam dan itu adalah seburuk-buruknya tempat kembali.
67;5;Sesungguhnya Kami telah menghiasi langit yang dekat dengan bintang-bintang, dan Kami jadikan bintang-bintang itu alat-alat pelempar syaitan, dan Kami sediakan bagi mereka siksa neraka yang menyala-nyala.
67;6;Dan orang-orang yang kafir kepada Tuhannya, memperoleh azab Jahannam. Dan itulah seburuk-buruk tempat kembali.
67;10;"Dan mereka berkata: ""Sekiranya kami mendengarkan atau memikirkan (peringatan itu) niscaya tidaklah kami termasuk penghuni-penghuni neraka yang menyala-nyala""."
67;11;Mereka mengakui dosa mereka. Maka kebinasaanlah bagi penghuni-penghuni neraka yang menyala-nyala.
69;31;Kemudian masukkanlah dia ke dalam api neraka yang menyala-nyala.
72;15;Adapun orang-orang yang menyimpang dari kebenaran, maka mereka menjadi kayu api bagi neraka Jahannam.
72;23;Akan tetapi (aku hanya) menyampaikan (peringatan) dari Allah dan risalah-Nya. Dan barangsiapa yang mendurhakai Allah dan Rasul-Nya maka sesungguhnya baginyalah neraka Jahannam, mereka kekal di dalamnya selama-lamanya.
74;26;Aku akan memasukkannya ke dalam (neraka) Saqar.
74;27;Tahukah kamu apakah (neraka) Saqar itu?
74;42;"""Apakah yang memasukkan kamu ke dalam Saqar (neraka)?"""
78;21;Sesungguhnya neraka Jahannam itu (padanya) ada tempat pengintai,
79;10;"(Orang-orang kafir) berkata: ""Apakah sesungguhnya kami benar-benar dikembalikan kepada kehidupan semula?"
79;14;maka dengan serta merta mereka hidup kembali di permukaan bumi.
79;36;dan diperlihatkan neraka dengan jelas kepada setiap orang yang melihat.
79;39;maka sesungguhnya nerakalah tempat tinggal(nya).
81;12;dan apabila neraka Jahiim dinyalakan,
82;14;dan sesungguhnya orang-orang yang durhaka benar-benar berada dalam neraka.
83;16;Kemudian, sesungguhnya mereka benar-benar masuk neraka.
85;10;Sesungguhnya orang-orang yang mendatangkan cobaan kepada orang-orang yang mukmin laki-laki dan perempuan kemudian mereka tidak bertaubat, maka bagi mereka azab Jahannam dan bagi mereka azab (neraka) yang membakar.
89;23;"Dan pada hari itu diperlihatkan neraka Jahannam; dan pada hari itu ingatlah manusia, akan tetapi tidak berguna lagi mengingat itu baginya."
98;6;"Sesungguhnya orang-orang yang kafir yakni ahli Kitab dan orang-orang yang musyrik (akan masuk) ke neraka Jahannam; mereka kekal di dalamnya. Mereka itu adalah seburuk-buruk makhluk."
101;9;maka tempat kembalinya adalah neraka Hawiyah.
102;6;niscaya kamu benar-benar akan melihat neraka Jahiim,
104;4;sekali-kali tidak! Sesungguhnya dia benar-benar akan dilemparkan ke dalam Huthamah.
104;5;Dan tahukah kamu apa Huthamah itu?
2;39;"Adapun orang-orang yang kafir dan mendustakan ayat-ayat Kami, mereka itu penghuni neraka; mereka kekal di dalamnya."
2;81;(Bukan demikian), yang benar: barangsiapa berbuat dosa dan ia telah diliputi oleh dosanya, mereka itulah penghuni neraka, mereka kekal di dalamnya.
2;162;"Mereka kekal di dalam laknat itu; tidak akan diringankan siksa dari mereka dan tidak (pula) mereka diberi tangguh."
2;167;"Dan berkatalah orang-orang yang mengikuti: ""Seandainya kami dapat kembali (ke dunia), pasti kami akan berlepas diri dari mereka, sebagaimana mereka berlepas diri dari kami"". Demikianlah Allah memperlihatkan kepada mereka amal perbuatannya menjadi sesalan bagi mereka; dan sekali-kali mereka tidak akan keluar dari api neraka."
2;217;"Mereka bertanya kepadamu tentang berperang pada bulan Haram. Katakanlah: ""Berperang dalam bulan itu adalah dosa besar; tetapi menghalangi (manusia) dari jalan Allah, kafir kepada Allah, (menghalangi masuk) Masjidilharam dan mengusir penduduknya dari sekitarnya, lebih besar (dosanya) di sisi Allah. Dan berbuat fitnah lebih besar (dosanya) daripada membunuh. Mereka tidak henti-hentinya memerangi kamu sampai mereka (dapat) mengembalikan kamu dari agamamu (kepada kekafiran), seandainya mereka sanggup. Barangsiapa yang murtad di antara kamu dari agamanya, lalu dia mati dalam kekafiran, maka mereka itulah yang sia-sia amalannya di dunia dan di akhirat, dan mereka itulah penghuni neraka, mereka kekal di dalamnya."
2;257;"Allah Pelindung orang-orang yang beriman; Dia mengeluarkan mereka dari kegelapan (kekafiran) kepada cahaya (iman). Dan orang-orang yang kafir, pelindung-pelindungnya ialah syaitan, yang mengeluarkan mereka daripada cahaya kepada kegelapan (kekafiran). Mereka itu adalah penghuni neraka; mereka kekal di dalamnya."
2;275;"Orang-orang yang makan (mengambil) riba tidak dapat berdiri melainkan seperti berdirinya orang yang kemasukan syaitan lantaran (tekanan) penyakit gila. Keadaan mereka yang demikian itu, adalah disebabkan mereka berkata (berpendapat), sesungguhnya jual beli itu sama dengan riba, padahal Allah telah menghalalkan jual beli dan mengharamkan riba. Orang-orang yang telah sampai kepadanya larangan dari Tuhannya, lalu terus berhenti (dari mengambil riba), maka baginya apa yang telah diambilnya dahulu (sebelum datang larangan); dan urusannya (terserah) kepada Allah. Orang yang kembali (mengambil riba), maka orang itu adalah penghuni-penghuni neraka; mereka kekal di dalamnya."
4;14;"Dan barangsiapa yang mendurhakai Allah dan Rasul-Nya dan melanggar ketentuan-ketentuan-Nya, niscaya Allah memasukkannya ke dalam api neraka sedang ia kekal di dalamnya; dan baginya siksa yang menghinakan."
5;37;Mereka ingin keluar dari neraka, padahal mereka sekali-kali tidak dapat keluar daripadanya, dan mereka beroleh azab yang kekal.
5;80;"Kamu melihat kebanyakan dari mereka tolong-menolong dengan orang-orang yang kafir (musyrik). Sesungguhnya amat buruklah apa yang mereka sediakan untuk diri mereka, yaitu kemurkaan Allah kepada mereka; dan mereka akan kekal dalam siksaan."
6;128;"Dan (ingatlah) hari diwaktu Allah menghimpunkan mereka semuanya (dan Allah berfirman): ""Hai golongan jin, sesungguhnya kamu telah banyak menyesatkan manusia"", lalu berkatalah kawan-kawan meraka dari golongan manusia: ""Ya Tuhan kami, sesungguhnya sebahagian daripada kami telah dapat kesenangan dari sebahagian (yang lain) dan kami telah sampai kepada waktu yang telah Engkau tentukan bagi kami"". Allah berfirman: ""neraka itulah tempat diam kamu, sedang kamu kekal di dalamnya, kecuali kalau Allah menghendaki (yang lain)"". Sesungguhnya Tuhanmu Maha Bijaksana lagi Maha Mengetahui."
7;36;"Dan orang-orang yang mendustakan ayat-ayat Kami dan menyombongkan diri terhadapnya, mereka itu penghuni-penghuni neraka; mereka kekal di dalamnya."
9;17;Tidaklah pantas orang-orang musyrik itu memakmurkan mesjid-mesjid Allah, sedang mereka mengakui bahwa mereka sendiri kafir. Itulah orang-orang yang sia-sia pekerjaannya, dan mereka kekal di dalam neraka.
10;27;"Dan orang-orang yang mengerjakan kejahatan (mendapat) balasan yang setimpal dan mereka ditutupi kehinaan. Tidak ada bagi mereka seorang pelindungpun dari (azab) Allah, seakan-akan muka mereka ditutupi dengan kepingan-kepingan malam yang gelap gelita. Mereka itulah penghuni neraka; mereka kekal di dalamnya."
10;52;"Kemudian dikatakan kepada orang-orang yang zalim (musyrik) itu: ""Rasakanlah olehmu siksaan yang kekal; kamu tidak diberi balasan melainkan dengan apa yang telah kamu kerjakan""."
11;107;mereka kekal di dalamnya selama ada langit dan bumi, kecuali jika Tuhanmu menghendaki (yang lain). Sesungguhnya Tuhanmu Maha Pelaksana terhadap apa yang Dia kehendaki.
13;5;"Dan jika (ada sesuatu) yang kamu herankan, maka yang patut mengherankan adalah ucapan mereka: ""Apabila kami telah menjadi tanah, apakah kami sesungguhnya akan (dikembalikan) menjadi makhluk yang baru?"" Orang-orang itulah yang kafir kepada Tuhannya; dan orang-orang itulah (yang dilekatkan) belenggu di lehernya; mereka itulah penghuni neraka, mereka kekal di dalamnya."
14;17;diminumnnya air nanah itu dan hampir dia tidak bisa menelannya dan datanglah (bahaya) maut kepadanya dari segenap penjuru, tetapi dia tidak juga mati, dan dihadapannya masih ada azab yang berat.
20;101;mereka kekal di dalam keadaan itu. Dan amat buruklah dosa itu sebagai beban bagi mereka di hari kiamat,
21;99;Andaikata berhala-berhala itu Tuhan, tentulah mereka tidak masuk neraka. Dan semuanya akan kekal di dalamnya.
25;66;Sesungguhnya jahannam itu seburuk-buruk tempat menetap dan tempat kediaman.
25;69;(yakni) akan dilipat gandakan azab untuknya pada hari kiamat dan dia akan kekal dalam azab itu, dalam keadaan terhina,
32;14;Maka rasailah olehmu (siksa ini) disebabkan kamu melupakan akan pertemuan dengan harimu ini. Sesungguhnya Kami telah melupakan kamu (pula) dan rasakanlah siksa yang kekal, disebabkan apa yang selalu kamu kerjakan.
33;65;"mereka kekal di dalamnya selama-lamanya; mereka tidak memperoleh seorang pelindungpun dan tidak (pula) seorang penolong."
39;40;"siapa yang akan mendapat siksa yang menghinakannya dan lagi ditimpa oleh azab yang kekal""."
40;11;"Mereka menjawab: ""Ya Tuhan kami Engkau telah mematikan kami dua kali dan telah menghidupkan kami dua kali (pula), lalu kami mengakui dosa-dosa kami. Maka adakah sesuatu jalan (bagi kami) untuk keluar (dari neraka)?"""
40;39;Hai kaumku, sesungguhnya kehidupan dunia ini hanyalah kesenangan (sementara) dan sesungguhnya akhirat itulah negeri yang kekal.
41;28;"Demikianlah balasan terhadap musuh-musuh Allah, (yaitu) neraka; mereka mendapat tempat tinggal yang kekal di dalamnya sebagai balasan atas keingkaran mereka terhadap ayat-ayat Kami."
42;45;"Dan kamu akan melihat mereka dihadapkan ke neraka dalam keadaan tunduk karena (merasa) hina, mereka melihat dengan pandangan yang lesu. Dan orang-orang yang beriman berkata: ""Sesungguhnya orang-orang yang merugi ialah orang-orang yang kehilangan diri mereka sendiri dan (kehilangan) keluarga mereka pada hari kiamat. Ingatlah, sesungguhnya orang-orang yang zalim itu berada dalam azab yang kekal."
43;77;"Mereka berseru: ""Hai Malik biarlah Tuhanmu membunuh kami saja"". Dia menjawab: ""Kamu akan tetap tinggal (di neraka ini)""."
45;35;Yang demikian itu, karena sesungguhnya kamu menjadikan ayat-ayat Allah sebagai olok-olokan dan kamu telah ditipu oleh kehidupan dunia, maka pada hari ini mereka tidak dikeluarkan dari neraka dan tidak pula mereka diberi kesempatan untuk bertaubat.
47;15;"(Apakah) perumpamaan (penghuni) jannah yang dijanjikan kepada orang-orang yang bertakwa yang di dalamnya ada sungai-sungai dari air yang tiada berubah rasa dan baunya, sungai-sungai dari air susu yang tidak berubah rasanya, sungai-sungai dari khamar yang lezat rasanya bagi peminumnya dan sungai-sungai dari madu yang disaring; dan mereka memperoleh di dalamnya segala macam buah-buahan dan ampunan dari Rabb mereka, sama dengan orang yang kekal dalam jahannam dan diberi minuman dengan air yang mendidih sehingga memotong ususnya?"
58;17;Harta benda dan anak-anak mereka tiada berguna sedikitpun (untuk menolong) mereka dari azab Allah. Mereka itulah penghuni neraka, dan mereka kekal di dalamnya.
59;17;Maka adalah kesudahan keduanya, bahwa sesungguhnya keduanya (masuk) ke dalam neraka, mereka kekal di dalamnya. Demikianlah balasan orang-orang yang zalim.
64;10;Dan orang-orang yang kafir dan mendustakan ayat-ayat Kami, mereka itulah penghuni-penghuni neraka, mereka kekal di dalamnya. Dan itulah seburuk-buruk tempat kembali.
78;23;mereka tinggal di dalamnya berabad-abad lamanya,
2;24;Maka jika kamu tidak dapat membuat(nya) -- dan pasti kamu tidak akan dapat membuat(nya), peliharalah dirimu dari neraka yang bahan bakarnya manusia dan batu, yang disediakan bagi orang-orang kafir.
3;192;Ya Tuhan kami, sesungguhnya barangsiapa yang Engkau masukkan ke dalam neraka, maka sungguh telah Engkau hinakan ia, dan tidak ada bagi orang-orang yang zalim seorang penolongpun.
25;13;Dan apabila mereka dilemparkan ke tempat yang sempit di neraka itu dengan dibelenggu, mereka di sana mengharapkan kebinasaan.
25;14;"(Akan dikatakan kepada mereka): ""Jangan kamu sekalian mengharapkan satu kebinasaan, melainkan harapkanlah kebinasaan yang banyak""."
26;94;Maka mereka (sembahan-sembahan itu) dijungkirkan ke dalam neraka bersama-sama orang-orang yang sesat,
26;95;dan bala tentara iblis semuanya.
27;90;Dan barang siapa yang membawa kejahatan, maka disungkurkanlah muka mereka ke dalam neraka. Tiadalah kamu dibalasi, melainkan (setimpal) dengan apa yang dahulu kamu kerjakan.
37;68;Kemudian sesungguhnya tempat kembali mereka benar-benar ke neraka Jahiim.
40;71;ketika belenggu dan rantai dipasang di leher mereka, seraya mereka diseret,
40;72;ke dalam air yang sangat panas, kemudian mereka dibakar dalam api,
52;16;"Masukklah kamu ke dalamnya (rasakanlah panas apinya); maka baik kamu bersabar atau tidak, sama saja bagimu; kamu diberi balasan terhadap apa yang telah kamu kerjakan."
55;41;Orang-orang yang berdosa dikenal dengan tanda-tandannya, lalu dipegang ubun-ubun dan kaki mereka.
67;7;Apabila mereka dilemparkan ke dalamnya mereka mendengar suara neraka yang mengerikan, sedang neraka itu menggelegak,
67;8;"hampir-hampir (neraka) itu terpecah-pecah lantaran marah. Setiap kali dilemparkan ke dalamnya sekumpulan (orang-orang kafir), penjaga-penjaga (neraka itu) bertanya kepada mereka: ""Apakah belum pernah datang kepada kamu (di dunia) seorang pemberi peringatan?"""
69;30;"(Allah berfirman): ""Peganglah dia lalu belenggulah tangannya ke lehernya."
66;6;"Hai orang-orang yang beriman, peliharalah dirimu dan keluargamu dari api neraka yang bahan bakarnya adalah manusia dan batu; penjaganya malaikat-malaikat yang kasar, keras, dan tidak mendurhakai Allah terhadap apa yang diperintahkan-Nya kepada mereka dan selalu mengerjakan apa yang diperintahkan."
74;30;Dan di atasnya ada sembilan belas (malaikat penjaga).
74;31;"Dan tiada Kami jadikan penjaga neraka itu melainkan dari malaikat: dan tidaklah Kami menjadikan bilangan mereka itu melainkan untuk jadi cobaan bagi orang-orang kafir, supaya orang-orang yang diberi Al-Kitab menjadi yakin dan supaya orang yang beriman bertambah imannya dan supaya orang-orang yang diberi Al Kitab dan orng-orang mukmin itu tidak ragu-ragu dan supaya orang-orang yang di dalam hatinya ada penyakit dan orang-orang kafir (mengatakan): ""Apakah yang dikehendaki Allah dengan bilangan ini sebagai suatu perumpamaan?"" Demikianlah Allah membiarkan sesat orang-orang yang dikehendaki-Nya dan memberi petunjuk kepada siapa yang dikehendaki-Nya. Dan tidak ada yang mengetahui tentara Tuhanmu melainkan Dia sendiri. Dan Saqar itu tiada lain hanyalah peringatan bagi manusia."
96;18;kelak Kami akan memanggil malaikat Zabaniyah,
7;38;"Allah berfirman: ""Masuklah kamu sekalian ke dalam neraka bersama umat-umat jin dan manusia yang telah terdahulu sebelum kamu. Setiap suatu umat masuk (ke dalam neraka), dia mengutuk kawannya (menyesatkannya); sehingga apabila mereka masuk semuanya berkatalah orang-orang yang masuk kemudian di antara mereka kepada orang-orang yang masuk terdahulu: ""Ya Tuhan kami, mereka telah menyesatkan kami, sebab itu datangkanlah kepada mereka siksaan yang berlipat ganda dari neraka"". Allah berfirman: ""Masing-masing mendapat (siksaan) yang berlipat ganda, akan tetapi kamu tidak mengetahui""."
11;6;Dan tidak ada suatu binatang melata pun di bumi melainkan Allah-lah yang memberi rezekinya, dan Dia mengetahui tempat berdiam binatang itu dan tempat penyimpanannya. Semuanya tertulis dalam Kitab yang nyata (Lauh mahfuzh).
15;44;Jahannam itu mempunyai tujuh pintu. Tiap-tiap pintu (telah ditetapkan) untuk golongan yang tertentu dari mereka.
17;97;Dan barangsiapa yang ditunjuki Allah, dialah yang mendapat petunjuk dan barangsiapa yang Dia sesatkan maka sekali-kali kamu tidak akan mendapat penolong-penolong bagi mereka selain dari Dia. Dan Kami akan mengumpulkan mereka pada hari kiamat (diseret) atas muka mereka dalam keadaan buta, bisu dan pekak. Tempat kediaman mereka adalah neraka jahannam. Tiap-tiap kali nyala api Jahannam itu akan padam, Kami tambah lagi bagi mereka nyalanya.
18;29;"Dan katakanlah: ""Kebenaran itu datangnya dari Tuhanmu; maka barangsiapa yang ingin (beriman) hendaklah ia beriman, dan barangsiapa yang ingin (kafir) biarlah ia kafir"". Sesungguhnya Kami telah sediakan bagi orang orang zalim itu neraka, yang gejolaknya mengepung mereka. Dan jika mereka meminta minum, niscaya mereka akan diberi minum dengan air seperti besi yang mendidih yang menghanguskan muka. Itulah minuman yang paling buruk dan tempat istirahat yang paling jelek."
18;53;Dan orang-orang yang berdosa melihat neraka, maka mereka meyakini, bahwa mereka akan jatuh ke dalamnya dan mereka tidak menemukan tempat berpaling dari padanya.
21;100;Mereka merintih di dalam api dan mereka di dalamnya tidak bisa mendengar.
22;19;Inilah dua golongan (golongan mukmin dan golongan kafir) yang bertengkar, mereka saling bertengkar mengenai Tuhan mereka. Maka orang kafir akan dibuatkan untuk mereka pakaian-pakaian dari api neraka. Disiramkan air yang sedang mendidih ke atas kepala mereka.
22;20;Dengan air itu dihancur luluhkan segala apa yang ada dalam perut mereka dan juga kulit (mereka).
22;21;Dan untuk mereka cambuk-cambuk dari besi.
22;22;"Setiap kali mereka hendak ke luar dari neraka lantaran kesengsaraan mereka, niscaya mereka dikembalikan ke dalamnya. (Kepada mereka dikatakan), ""Rasailah azab yang membakar ini""."
23;104;Muka mereka dibakar api neraka, dan mereka di dalam neraka itu dalam keadaan cacat.
24;57;Janganlah kamu kira bahwa orang-orang yang kafir itu dapat melemahkan (Allah dari mengazab mereka) di bumi ini, sedang tempat tinggal mereka (di akhirat) adalah neraka. Dan sungguh amat jeleklah tempat kembali itu.
25;12;Apabila neraka itu melihat mereka dari tempat yang jauh, mereka mendengar kegeramannya dan suara nyalanya.
25;77;"Katakanlah (kepada orang-orang musyrik): ""Tuhanku tidak mengindahkan kamu, melainkan kalau ada ibadatmu. (Tetapi bagaimana kamu beribadat kepada-Nya), padahal kamu sungguh telah mendustakan-Nya? karena itu kelak (azab) pasti (menimpamu)""."
29;55;"pada hari mereka ditutup oleh azab dari atas mereka dan dari bawah kaki mereka dan Allah berkata (kepada mereka): ""Rasailah (pembalasan dari) apa yang telah kamu kerjakan""."
37;62;(Makanan surga) itukah hidangan yang lebih baik ataukah pohon zaqqum.
37;64;Sesungguhnya dia adalah sebatang pohon yang ke luar dan dasar neraka yang menyala.
37;65;mayangnya seperti kepala syaitan-syaitan.
37;66;Maka sesungguhnya mereka benar-benar memakan sebagian dari buah pohon itu, maka mereka memenuhi perutnya dengan buah zaqqum itu.
37;67;Kemudian sesudah makan buah pohon zaqqum itu pasti mereka mendapat minuman yang bercampur dengan air yang sangat panas.
38;57;Inilah (azab neraka), biarlah mereka merasakannya, (minuman mereka) air yang sangat panas dan air yang sangat dingin.
38;58;Dan azab yang lain yang serupa itu berbagai macam.
39;16;Bagi mereka lapisan-lapisan dari api di atas mereka dan di bawah merekapun lapisan-lapisan (dari api). Demikianlah Allah mempertakuti hamba-hamba-Nya dengan azab itu. Maka bertakwalah kepada-Ku hai hamba-hamba-Ku.
40;52;(yaitu) hari yang tidak berguna bagi orang-orang zalim permintaan maafnya dan bagi merekalah laknat dan bagi merekalah tempat tinggal yang buruk.
43;75;Tidak diringankan azab itu dari mereka dan mereka di dalamnya berputus asa.
44;43;Sesungguhnya pohon zaqqum itu,
44;44;makanan orang yang banyak berdosa.
44;45;(Ia) sebagai kotoran minyak yang mendidih di dalam perut,
44;46;seperti mendidihnya air yang amat panas.
44;48;Kemudian tuangkanlah di atas kepalanya siksaan (dari) air yang amat panas.
55;44;Mereka berkeliling di antaranya dan di antara air mendidih yang memuncak panasnya.
56;42;Dalam (siksaan) angin yang amat panas, dan air panas yang mendidih,
56;43;dan dalam naungan asap yang hitam.
56;44;Tidak sejuk dan tidak menyenangkan.
69;32;Kemudian belitlah dia dengan rantai yang panjangnya tujuh puluh hasta.
70;15;Sekali-kali tidak dapat, sesungguhnya neraka itu adalah api yang bergolak,
70;16;yang mengelupas kulit kepala,
73;12;Karena sesungguhnya pada sisi Kami ada belenggu-belenggu yang berat dan neraka yang menyala-nyala.
74;28;Saqar itu tidak meninggalkan dan tidak membiarkan.
74;29;(neraka Saqar) adalah pembakar kulit manusia.
74;35;Sesungguhnya Saqar itu adalah salah satu bencana yang amat besar,
76;4;Sesungguhnya Kami menyediakan bagi orang-orang kafir rantai, belenggu dan neraka yang menyala-nyala.
77;30;Pergilah kamu mendapatkan naungan yang mempunyai tiga cabang,
77;31;"yang tidak melindungi dan tidak pula menolak nyala api neraka""."
77;32;Sesungguhnya neraka itu melontarkan bunga api sebesar dan setinggi istana.
77;33;Seolah-olah ia iringan unta yang kuning.
88;4;memasuki api yang sangat panas (neraka),
88;5;diberi minum (dengan air) dari sumber yang sangat panas.
90;11;Tetapi dia tiada menempuh jalan yang mendaki lagi sukar.
90;12;Tahukah kamu apakah jalan yang mendaki lagi sukar itu?
90;20;Mereka berada dalam neraka yang ditutup rapat.
92;14;Maka, kami memperingatkan kamu dengan neraka yang menyala-nyala.
101;10;Tahukah kamu apakah neraka Hawiyah itu?
101;11;(Yaitu) api yang sangat panas.
104;6;(yaitu) api (yang disediakan) Allah yang dinyalakan,
104;7;yang (membakar) sampai ke hati.
104;8;Sesungguhnya api itu ditutup rapat atas mereka,
104;9;(sedang mereka itu) diikat pada tiang-tiang yang panjang.
111;3;Kelak dia akan masuk ke dalam api yang bergejolak.
111;5;Yang di lehernya ada tali dari sabut.
2;126;"Dan (ingatlah), ketika Ibrahim berdoa: ""Ya Tuhanku, jadikanlah negeri ini, negeri yang aman sentosa, dan berikanlah rezeki dari buah-buahan kepada penduduknya yang beriman diantara mereka kepada Allah dan hari kemudian. Allah berfirman: ""Dan kepada orang yang kafirpun Aku beri kesenangan sementara, kemudian Aku paksa ia menjalani siksa neraka dan itulah seburuk-buruk tempat kembali""."
2;161;Sesungguhnya orang-orang kafir dan mereka mati dalam keadaan kafir, mereka itu mendapat laknat Allah, para Malaikat dan manusia seluruhnya.
2;175;Mereka itulah orang-orang yang membeli kesesatan dengan petunjuk dan siksa dengan ampunan. Maka alangkah beraninya mereka menentang api neraka!
3;11;"(keadaan mereka) adalah sebagai keadaan kaum FirÇaun dan orang-orang yang sebelumnya; mereka mendustakan ayat-ayat Kami; karena itu Allah menyiksa mereka disebabkan dosa-dosa mereka. Dan Allah sangat keras siksa-Nya."
3;12;"Katakanlah kepada orang-orang yang kafir: ""Kamu pasti akan dikalahkan (di dunia ini) dan akan digiring ke dalam neraka Jahannam. Dan itulah tempat yang seburuk-buruknya""."
3;151;"Akan Kami masukkan ke dalam hati orang-orang kafir rasa takut, disebabkan mereka mempersekutukan Allah dengan sesuatu yang Allah sendiri tidak menurunkan keterangan tentang itu. Tempat kembali mereka ialah neraka; dan itulah seburuk-buruk tempat tinggal orang-orang yang zalim."
4;37;(yaitu) orang-orang yang kikir, dan menyuruh orang lain berbuat kikir, dan menyembunyikan karunia Allah yang telah diberikan-Nya kepada mereka. Dan Kami telah menyediakan untuk orang-orang kafir siksa yang menghinakan.
4;56;Sesungguhnya orang-orang yang kafir kepada ayat-ayat Kami, kelak akan Kami masukkan mereka ke dalam neraka. Setiap kali kulit mereka hangus, Kami ganti kulit mereka dengan kulit yang lain, supaya mereka merasakan azab. Sesungguhnya Allah Maha Perkasa lagi Maha Bijaksana.
4;145;Sesungguhnya orang-orang munafik itu (ditempatkan) pada tingkatan yang paling bawah dari neraka. Dan kamu sekali-kali tidak akan mendapat seorang penolongpun bagi mereka.
4;151;merekalah orang-orang yang kafir sebenar-benarnya. Kami telah menyediakan untuk orang-orang yang kafir itu siksaan yang menghinakan.
4;161;dan disebabkan mereka memakan riba, padahal sesungguhnya mereka telah dilarang daripadanya, dan karena mereka memakan harta benda orang dengan jalan yang batil. Kami telah menyediakan untuk orang-orang yang kafir di antara mereka itu siksa yang pedih.
5;29;"""Sesungguhnya aku ingin agar kamu kembali dengan (membawa) dosa (membunuh)ku dan dosamu sendiri, maka kamu akan menjadi penghuni neraka, dan yang demikian itulah pembalasan bagi orang-orang yang zalim""."
5;72;"Sesungguhnya telah kafirlah orang-orang yang berkata: ""Sesungguhnya Allah ialah Al Masih putera Maryam"", padahal Al Masih (sendiri) berkata: ""Hai Bani Israil, sembahlah Allah Tuhanku dan Tuhanmu"". Sesungguhnya orang yang mempersekutukan (sesuatu dengan) Allah, maka pasti Allah mengharamkan kepadanya surga, dan tempatnya ialah neraka, tidaklah ada bagi orang-orang zalim itu seorang penolongpun."
6;129;Dan demikianlah Kami jadikan sebahagian orang-orang yang zalim itu menjadi teman bagi sebahagian yang lain disebabkan apa yang mereka usahakan.
6;157;"Atau agar kamu (tidak) mengatakan: ""Sesungguhnya jikalau kitab ini diturunkan kepada kami, tentulah kami lebih mendapat petunjuk dari mereka"". Sesungguhnya telah datang kepada kamu keterangan yang nyata dari Tuhanmu, petunjuk dan rahmat. Maka siapakah yang lebih zalim daripada orang yang mendustakan ayat-ayat Allah dan berpaling daripadanya? Kelak Kami akan memberi balasan kepada orang-orang yang berpaling dari ayat-ayat Kami dengan siksa yang buruk, disebabkan mereka selalu berpaling."
7;39;"Dan berkata orang-orang yang masuk terdahulu di antara mereka kepada orang-orang yang masuk kemudian: ""Kamu tidak mempunyai kelebihan sedikitpun atas kami, maka rasakanlah siksaan karena perbuatan yang telah kamu lakukan""."
7;47;"Dan apabila pandangan mereka dialihkan ke arah penghuni neraka, mereka berkata: ""Ya Tuhan kami, janganlah Engkau tempatkan kami bersama-sama orang-orang yang zalim itu""."
7;50;"Dan penghuni neraka menyeru penghuni surga: ""Limpahkanlah kepada kami sedikit air atau makanan yang telah direzekikan Allah kepadamu"". Mereka (penghuni surga) menjawab: ""Sesungguhnya Allah telah mengharamkan keduanya itu atas orang-orang kafir,"
8;14;Itulah (hukum dunia yang ditimpakan atasmu), maka rasakanlah hukuman itu. Sesungguhnya bagi orang-orang yang kafir itu ada (lagi) azab neraka.
8;50;"Kalau kamu melihat ketika para malaikat mencabut jiwa orang-orang yang kafir seraya memukul muka dan belakang mereka (dan berkata): ""Rasakanlah olehmu siksa neraka yang membakar"", (tentulah kamu akan merasa ngeri)."
10;4;"Hanya kepada-Nya-lah kamu semuanya akan kembali; sebagai janji yang benar daripada Allah, sesungguhnya Allah menciptakan makhluk pada permulaannya kemudian mengulanginya (menghidupkannya) kembali (sesudah berbangkit), agar Dia memberi pembalasan kepada orang-orang yang beriman dan yang mengerjakan amal saleh dengan adil. Dan untuk orang-orang kafir disediakan minuman air yang panas dan azab yang pedih disebabkan kekafiran mereka."
11;16;Itulah orang-orang yang tidak memperoleh di akhirat, kecuali neraka dan lenyaplah di akhirat itu apa yang telah mereka usahakan di dunia dan sia-sialah apa yang telah mereka kerjakan.
11;17;Apakah (orang-orang kafir itu sama dengan) orang-orang yang ada mempunyai bukti yang nyata (Al Quran) dari Tuhannya, dan diikuti pula oleh seorang saksi (Muhammad) dari Allah dan sebelum Al Quran itu telah ada Kitab Musa yang menjadi pedoman dan rahmat? Mereka itu beriman kepada Al Quran. Dan barangsiapa di antara mereka (orang-orang Quraisy) dan sekutu-sekutunya yang kafir kepada Al Quran, maka nerakalah tempat yang diancamkan baginya, karena itu janganlah kamu ragu-ragu terhadap Al Quran itu. Sesungguhnya (Al Quran) itu benar-benar dari Tuhanmu, tetapi kebanyakan manusia tidak beriman.
11;106;Adapun orang-orang yang celaka, maka (tempatnya) di dalam neraka, di dalamnya mereka mengeluarkan dan menarik nafas (dengan merintih),
13;25;Orang-orang yang merusak janji Allah setelah diikrarkan dengan teguh dan memutuskan apa-apa yang Allah perintahkan supaya dihubungkan dan mengadakan kerusakan di bumi, orang-orang itulah yang memperoleh kutukan dan bagi mereka tempat kediaman yang buruk (Jahannam).
14;30;"Orang-orang kafir itu telah menjadikan sekutu-sekutu bagi Allah supaya mereka menyesatkan (manusia) dari jalan-Nya. Katakanlah: ""Bersenang-senanglah kamu, karena sesungguhnya tempat kembalimu ialah neraka""."
16;62;Dan mereka menetapkan bagi Allah apa yang mereka sendiri membencinya, dan lidah mereka mengucapkan kedustaan, yaitu bahwa sesungguhnya merekalah yang akan mendapat kebaikan. Tiadalah diragukan bahwa nerakalah bagi mereka, dan sesungguhnya mereka segera dimasukkan (ke dalamnya).
17;10;dan sesungguhnya orang-orang yang tidak beriman kepada kehidupan akhirat, Kami sediakan bagi mereka azab yang pedih.
18;105;Mereka itu orang-orang yang telah kufur terhadap ayat-ayat Tuhan mereka dan (kufur terhadap) perjumpaan dengan Dia, maka hapuslah amalan-amalan mereka, dan Kami tidak mengadakan suatu penilaian bagi (amalan) mereka pada hari kiamat.
19;70;Dan kemudian Kami sungguh lebih mengetahui orang-orang yang seharusnya dimasukkan ke dalam neraka.
19;72;Kemudian Kami akan menyelamatkan orang-orang yang bertakwa dan membiarkan orang-orang yang zalim di dalam neraka dalam keadaan berlutut.
20;100;Barangsiapa berpaling dari pada Al qurÇan maka sesungguhnya ia akan memikul dosa yang besar di hari kiamat,
22;57;Dan orang-orang yang kafir dan mendustakan ayat-ayat Kami, maka bagi mereka azab yang menghinakan.
22;72;"Dan apabila dibacakan di hadapan mereka ayat-ayat Kami yang terang, niscaya kamu melihat tanda-tanda keingkaran pada muka orang-orang yang kafir itu. Hampir-hampir mereka menyerang orang-orang yang membacakan ayat-ayat Kami di hadapan mereka. Katakanlah: ""Apakah akan aku kabarkan kepadamu yang lebih buruk daripada itu, yaitu neraka?"" Allah telah mengancamkannya kepada orang-orang yang kafir. Dan neraka itu adalah seburuk-buruknya tempat kembali."
25;11;Bahkan mereka mendustakan hari kiamat. Dan kami menyediakan neraka yang menyala-nyala bagi siapa yang mendustakan hari kiamat.
26;96;Mereka berkata sedang mereka bertengkar di dalam neraka:
26;97;"""demi Allah: sungguh kita dahulu (di dunia) dalam kesesatan yang nyata,"
26;98;"karena kita mempersamakan kamu dengan Tuhan semesta alam""."
26;100;Maka kami tidak mempunyai pemberi syafaÇat seorangpun,
26;101;dan tidak pula mempunyai teman yang akrab,
27;5;Mereka itulah orang-orang yang mendapat (di dunia) azab yang buruk dan mereka di akhirat adalah orang-orang yang paling merugi.
29;25;"Dan berkata Ibrahim: ""Sesungguhnya berhala-berhala yang kamu sembah selain Allah adalah untuk menciptakan perasaan kasih sayang di antara kamu dalam kehidupan dunia ini kemudian di hari kiamat sebahagian kamu mengingkari sebahagian (yang lain) dan sebahagian kamu melaknati sebahagian (yang lain); dan tempat kembalimu ialah neraka, dan sekali-kali tak ada bagimu para penolongpun."
30;16;Adapun orang-orang yang kafir dan mendustakan ayat-ayat Kami (Al Quran) serta (mendustakan) menemui hari akhirat, maka mereka tetap berada di dalam siksaan (neraka).
31;6;Dan di antara manusia (ada) orang yang mempergunakan perkataan yang tidak berguna untuk menyesatkan (manusia) dari jalan Allah tanpa pengetahuan dan menjadikan jalan Allah itu olok-olokan. Mereka itu akan memperoleh azab yang menghinakan.
31;7;"Dan apabila dibacakan kepadanya ayat-ayat Kami dia berpaling dengan menyombongkan diri seolah-olah dia belum mendengarnya, seakan-akan ada sumbat di kedua telinganya; maka beri kabar gembiralah dia dengan azab yang pedih."
32;20;"Dan adapun orang-orang yang fasik (kafir) maka tempat mereka adalah jahannam. Setiap kali mereka hendak keluar daripadanya, mereka dikembalikan ke dalamnya dan dikatakan kepada mereka: ""Rasakanlah siksa neraka yang dahulu kamu mendustakannya""."
33;64;Sesungguhnya Allah melaknati orang-orang kafir dan menyediakan bagi mereka api yang menyala-nyala (neraka),
33;66;"Pada hari ketika muka mereka dibolak-balikan dalam neraka, mereka berkata: ""Alangkah baiknya, andaikata kami taat kepada Allah dan taat (pula) kepada Rasul""."
34;5;Dan orang-orang yang berusaha untuk (menentang) ayat-ayat Kami dengan anggapan mereka dapat melemahkan (menggagalkan azab Kami), mereka itu memperoleh azab, yaitu (jenis) azab yang pedih.
34;8;"Apakah dia mengada-adakan kebohongan terhadap Allah ataukah ada padanya penyakit gila?"" (Tidak), tetapi orang-orang yang tidak beriman kepada negeri akhirat berada dalam siksaan dan kesesatan yang jauh."
34;42;"Maka pada hari ini sebahagian kamu tidak berkuasa (untuk memberikan) kemanfaatan dan tidak pula kemudharatan kepada sebahagian yang lain. Dan Kami katakan kepada orang-orang yang zalim: ""Rasakanlah olehmu azab neraka yang dahulunya kamu dustakan itu""."
35;37;"Dan mereka berteriak di dalam neraka itu: ""Ya Tuhan kami, keluarkanlah kami niscaya kami akan mengerjakan amal yang saleh berlainan dengan yang telah kami kerjakan"". Dan apakah Kami tidak memanjangkan umurmu dalam masa yang cukup untuk berfikir bagi orang yang mau berfikir, dan (apakah tidak) datang kepada kamu pemberi peringatan? maka rasakanlah (azab Kami) dan tidak ada bagi orang-orang yang zalim seorang penolongpun."
37;161;Maka sesungguhnya kamu dan apa-apa yang kamu sembah itu,
38;27;Dan Kami tidak menciptakan langit dan bumi dan apa yang ada antara keduanya tanpa hikmah. Yang demikian itu adalah anggapan orang-orang kafir, maka celakalah orang-orang kafir itu karena mereka akan masuk neraka.
38;55;Beginilah (keadaan mereka). Dan sesungguhnya bagi orang-orang yang durhaka benar-benar (disediakan) tempat kembali yang buruk,
39;8;"Dan apabila manusia itu ditimpa kemudharatan, dia memohon (pertolongan) kepada Tuhannya dengan kembali kepada-Nya; kemudian apabila Tuhan memberikan nikmat-Nya kepadanya lupalah dia akan kemudharatan yang pernah dia berdoa (kepada Allah) untuk (menghilangkannya) sebelum itu, dan dia mengada-adakan sekutu-sekutu bagi Allah untuk menyesatkan (manusia) dari jalan-Nya. Katakanlah: ""Bersenang-senanglah dengan kekafiranmu itu sementara waktu; sesungguhnya kamu termasuk penghuni neraka""."
40;6;Dan demikianlah telah pasti berlaku ketetapan azab Tuhanmu terhadap orang-orang kafir, karena sesungguhnya mereka adalah penghuni neraka.
40;10;"Sesungguhnya orang-orang yang kafir diserukan kepada mereka (pada hari kiamat): ""Sesungguhnya kebencian Allah (kepadamu) lebih besar daripada kebencianmu kepada dirimu sendiri karena kamu diseru untuk beriman lalu kamu kafir""."
40;43;Sudah pasti bahwa apa yang kamu seru supaya aku (beriman) kepadanya tidak dapat memperkenankan seruan apapun baik di dunia maupun di akhirat. Dan sesungguhnya kita kembali kepada Allah dan sesungguhnya orang-orang yang melampaui batas, mereka itulah penghuni neraka.
40;46;"Kepada mereka dinampakkan neraka pada pagi dan petang, dan pada hari terjadinya Kiamat. (Dikatakan kepada malaikat): ""Masukkanlah FirÇaun dan kaumnya ke dalam azab yang sangat keras""."
41;19;Dan (ingatlah) hari (ketika) musuh-musuh Allah di giring ke dalam neraka, lalu mereka dikumpulkan semuanya.
41;24;Jika mereka bersabar (menderita azab) maka nerakalah tempat diam mereka dan jika mereka mengemukakan alasan-alasan, maka tidaklah mereka termasuk orang-orang yang diterima alasannya.
41;40;"Sesungguhnya orang-orang yang mengingkari ayat-ayat Kami, mereka tidak tersembunyi dari Kami. Maka apakah orang-orang yang dilemparkan ke dalam neraka lebih baik, ataukah orang-orang yang datang dengan aman sentosa pada hari Kiamat? Perbuatlah apa yang kamu kehendaki; Sesungguhnya Dia Maha Melihat apa yang kamu kerjakan."
45;33;Dan nyatalah bagi mereka keburukan-keburukan dari apa yang mereka kerjakan dan mereka diliputi oleh (azab) yang mereka selalu memperolok-olokkannya.
45;34;"Dan dikatakan (kepada mereka): ""Pada hari ini Kami melupakan kamu sebagaimana kamu telah melupakan pertemuan (dengan) harimu ini dan tempat kembalimu ialah neraka dan kamu sekali-kali tidak memperoleh penolong""."
46;20;"Dan (ingatlah) hari (ketika) orang-orang kafir dihadapkan ke neraka (kepada mereka dikatakan): ""Kamu telah menghabiskan rezekimu yang baik dalam kehidupan duniawimu (saja) dan kamu telah bersenang-senang dengannya; maka pada hari ini kamu dibalasi dengan azab yang menghinakan karena kamu telah menyombongkan diri di muka bumi tanpa hak dan karena kamu telah fasik""."
46;34;"Dan (ingatlah) hari (ketika) orang-orang kafir dihadapkan kepada neraka, (dikatakan kepada mereka): ""Bukankah (azab) ini benar?"" Mereka menjawab: ""Ya benar, demi Tuhan kami"". Allah berfirman ""Maka rasakanlah azab ini disebabkan kamu selalu ingkar""."
47;12;Sesungguhnya Allah memasukkan orang-orang mukmin dan beramal saleh ke dalam jannah yang mengalir di bawahnya sungai-sungai. Dan orang-orang kafir bersenang-senang (di dunia) dan mereka makan seperti makannya binatang. Dan jahannam adalah tempat tinggal mereka.
48;13;Dan barangsiapa yang tidak beriman kepada Allah dan Rasul-Nya maka sesungguhnya Kami menyediakan untuk orang-orang yang kafir neraka yang bernyala-nyala.
48;17;"Tiada dosa atas orang-orang yang buta dan atas orang yang pincang dan atas orang yang sakit (apabila tidak ikut berperang). Dan barangsiapa yang taat kepada Allah dan Rasul-Nya; niscaya Allah akan memasukkannya ke dalam surga yang mengalir di bawahnya sungai-sungai dan barang siapa yang berpaling niscaya akan diazab-Nya dengan azab yang pedih."
50;25;yang sangat menghalangi kebajikan, melanggar batas lagi ragu-ragu,
50;26;"yang menyembah sembahan yang lain beserta Allah maka lemparkanlah dia ke dalam siksaan yang sangat""."
51;13;(Hari pembalasan itu) ialah pada hari ketika mereka diazab di atas api neraka.
51;14;"(Dikatakan kepada mereka): ""Rasakanlah azabmu itu. Inilah azab yang dulu kamu minta untuk disegerakan""."
55;43;Inilah neraka Jahannam yang didustakan oleh orang-orang berdosa.
56;9;Dan golongan kiri. Alangkah sengsaranya golongan kiri itu.
56;41;Dan golongan kiri, siapakah golongan kiri itu?
56;45;Sesungguhnya mereka sebelum itu hidup bermewahan.
56;46;Dan mereka terus-menerus mengerjakan dosa besar.
56;51;Kemudian sesungguhnya kamu hai orang-orang yang sesat lagi mendustakan,
56;92;Dan adapun jika dia termasuk golongan yang mendustakan lagi sesat,
57;13;"Pada hari ketika orang-orang munafik laki-laki dan perempuan berkata kepada orang-orang yang beriman: ""Tunggulah kami supaya kami dapat mengambil sebahagian dari cahayamu"". Dikatakan (kepada mereka): ""Kembalilah kamu ke belakang dan carilah sendiri cahaya (untukmu)"". Lalu diadakan di antara mereka dinding yang mempunyai pintu. Di sebelah dalamnya ada rahmat dan di sebelah luarnya dari situ ada siksa."
57;15;"Maka pada hari ini tidak diterima tebusan dari kamu dan tidak pula dari orang-orang kafir. Tempat kamu ialah neraka. Dialah tempat berlindungmu. Dan dia adalah sejahat-jahat tempat kembali""."
59;3;Dan jika tidaklah karena Allah telah menetapkan pengusiran terhadap mereka, benar-benar Allah mengazab mereka di dunia. Dan bagi mereka di akhirat azab neraka.
66;10;"Allah membuat isteri Nuh dan isteri Luth sebagai perumpamaan bagi orang-orang kafir. Keduanya berada di bawah pengawasan dua orang hamba yang saleh di antara hamba-hamba Kami; lalu kedua isteri itu berkhianat kepada suaminya (masing-masing), maka suaminya itu tiada dapat membantu mereka sedikitpun dari (siksa) Allah; dan dikatakan (kepada keduanya): ""Masuklah ke dalam jahannam bersama orang-orang yang masuk (jahannam)""."
70;17;yang memanggil orang yang membelakang dan yang berpaling (dari agama),
70;18;serta mengumpulkan (harta benda) lalu menyimpannya.
71;25;Disebabkan kesalahan-kesalahan mereka, mereka ditenggelamkan lalu dimasukkan ke neraka, maka mereka tidak mendapat penolong-penolong bagi mereka selain dari Allah.
74;43;"Mereka menjawab: ""Kami dahulu tidak termasuk orang-orang yang mengerjakan shalat,"
74;44;dan kami tidak (pula) memberi makan orang miskin,
74;45;dan adalah kami membicarakan yang batil, bersama dengan orang-orang yang membicarakannya,
74;46;dan adalah kami mendustakan hari pembalasan,
75;24;Dan wajah-wajah (orang kafir) pada hari itu muram,
76;31;Dan memasukkan siapa yang dikehendaki-Nya ke dalam rahmat-Nya (surga). Dan bagi orang-orang zalim disediakan-Nya azab yang pedih.
78;22;lagi menjadi tempat kembali bagi orang-orang yang melampaui batas,
78;24;mereka tidak merasakan kesejukan di dalamnya dan tidak (pula mendapat) minuman,
83;11;(yaitu) orang-orang yang mendustakan hari pembalasan.
83;12;Dan tidak ada yang mendustakan hari pembalasan itu melainkan setiap orang yang melampaui batas lagi berdosa,
84;10;Adapun orang-orang yang diberikan kitabnya dari belakang,
84;11;"maka dia akan berteriak: ""Celakalah aku""."
84;12;Dan dia akan masuk ke dalam api yang menyala-nyala (neraka).
84;13;Sesungguhnya dia dahulu (di dunia) bergembira di kalangan kaumnya (yang sama-sama kafir).
88;2;Banyak muka pada hari itu tunduk terhina,
88;3;bekerja keras lagi kepayahan,
89;24;"Dia mengatakan: ""Alangkah baiknya kiranya aku dahulu mengerjakan (amal saleh) untuk hidupku ini""."
89;25;Maka pada hari itu tiada seorangpun yang menyiksa seperti siksa-Nya.
89;26;dan tiada seorangpun yang mengikat seperti ikatan-Nya.
90;19;Dan orang-orang yang kafir kepada ayat-ayat Kami, mereka itu adalah golongan kiri.
92;15;Tidak ada yang masuk ke dalamnya kecuali orang yang paling celaka,
92;16;yang mendustakan (kebenaran) dan berpaling (dari iman).
9;101;"Di antara orang-orang Arab Badwi yang di sekelilingmu itu, ada orang-orang munafik; dan (juga) di antara penduduk Madinah. Mereka keterlaluan dalam kemunafikannya. Kamu (Muhammad) tidak mengetahui mereka, (tetapi) Kamilah yang mengetahui mereka. Nanti mereka akan Kami siksa dua kali kemudian mereka akan dikembalikan kepada azab yang besar."
3;116;"Sesungguhnya orang-orang yang kafir baik harta mereka maupun anak-anak mereka, sekali-kali tidak dapat menolak azab Allah dari mereka sedikitpun. Dan mereka adalah penghuni neraka; mereka kekal di dalamnya."
14;28;Tidakkah kamu perhatikan orang-orang yang telah menukar nikmat Allah dengan kekafiran dan menjatuhkan kaumnya ke lembah kebinasaan?,
23;108;"Allah berfirman: ""Tinggallah dengan hina di dalamnya, dan janganlah kamu berbicara dengan Aku."
26;102;"maka sekiranya kita dapat kembali sekali lagi (ke dunia) niscaya kami menjadi orang-orang yang beriman""."
87;13;Kemudian dia tidak akan mati di dalamnya dan tidak (pula) hidup.
6;70;Dan tinggalkan lah orang-orang yang menjadikan agama mereka sebagai main-main dan senda gurau, dan mereka telah ditipu oleh kehidupan dunia. Peringatkanlah (mereka) dengan Al-Quran itu agar masing-masing diri tidak dijerumuskan ke dalam neraka, karena perbuatannya sendiri. Tidak akan ada baginya pelindung dan tidak pula pemberi syafaÇat selain daripada Allah. Dan jika ia menebus dengan segala macam tebusanpun, niscaya tidak akan diterima itu daripadanya. Mereka itulah orang-orang yang dijerumuskan ke dalam neraka. Bagi mereka (disediakan) minuman dari air yang sedang mendidih dan azab yang pedih disebabkan kekafiran mereka dahulu.
56;52;benar-benar akan memakan pohon zaqqum,
56;53;dan akan memenuhi perutmu dengannya.
56;54;Sesudah itu kamu akan meminum air yang sangat panas.
56;55;Maka kamu minum seperti unta yang sangat haus minum.
69;36;Dan tiada (pula) makanan sedikitpun (baginya) kecuali dari darah dan nanah.
69;37;Tidak ada yang memakannya kecuali orang-orang yang berdosa.
73;13;Dan makanan yang menyumbat di kerongkongan dan azab yang pedih.
88;6;Mereka tiada memperoleh makanan selain dari pohon yang berduri,
88;7;yang tidak menggemukkan dan tidak pula menghilangkan lapar.
17;60;"Dan (ingatlah), ketika Kami wahyukan kepadamu: ""Sesungguhnya (ilmu) Tuhanmu meliputi segala manusia"". Dan Kami tidak menjadikan mimpi yang telah Kami perlihatkan kepadamu, melainkan sebagai ujian bagi manusia dan (begitu pula) pohon kayu yang terkutuk dalam Al Quran. Dan Kami menakut-nakuti mereka, tetapi yang demikian itu hanyalah menambah besar kedurhakaan mereka."
7;44;"Dan penghuni-penghuni surga berseru kepada Penghuni-penghuni neraka (dengan mengatakan): ""Sesungguhnya kami dengan sebenarnya telah memperoleh apa yang Tuhan kami menjanjikannya kepada kami. Maka apakah kamu telah memperoleh dengan sebenarnya apa (azab) yang Tuhan kamu menjanjikannya (kepadamu)?"" Mereka (penduduk neraka) menjawab: ""Betul"". Kemudian seorang penyeru (malaikat) mengumumkan di antara kedua golongan itu: ""Kutukan Allah ditimpakan kepada orang-orang yang zalim,"
23;106;"Mereka berkata: ""Ya Tuhan kami, kami telah dikuasai oleh kejahatan kami, dan adalah kami orang-orang yang sesat."
23;107;"Ya Tuhan kami, keluarkanlah kami daripadanya (dan kembalikanlah kami ke dunia), maka jika kami kembali (juga kepada kekafiran), sesungguhnya kami adalah orang-orang yang zalim""."
33;67;"Dan mereka berkata: ""Ya Tuhan kami, sesungguhnya kami telah mentaati pemimpin-pemimpin dan pembesar-pembesar kami, lalu mereka menyesatkan kami dari jalan (yang benar)."
33;68;"Ya Tuhan kami, timpakanlah kepada mereka azab dua kali lipat dan kutuklah mereka dengan kutukan yang besar""."
38;59;"(Dikatakan kepada mereka): ""Ini adalah suatu rombongan (pengikut-pengikutmu) yang masuk berdesak-desak bersama kamu (ke neraka)"". (Berkata pemimpin-pemimpin mereka yang durhaka): ""Tiadalah ucapan selamat datang kepada mereka karena sesungguhnya mereka akan masuk neraka""."
38;60;"Pengikut-pengikut mereka menjawab: ""Sebenarnya kamulah. Tiada ucapan selamat datang bagimu, karena kamulah yang menjerumuskan kami ke dalam azab, maka amat buruklah Jahannam itu sebagai tempat menetap""."
38;61;"Mereka berkata (lagi): ""Ya Tuhan kami; barang siapa yang menjerumuskan kami ke dalam azab ini maka tambahkanlah azab kepadanya dengan berlipat ganda di dalam neraka""."
38;62;"Dan (orang-orang durhaka) berkata: ""Mengapa kami tidak melihat orang-orang yang dahulu (di dunia) kami anggap sebagai orang-orang yang jahat (hina)."
38;63;"Apakah kami dahulu menjadikan mereka olok-olokan, ataukah karena mata kami tidak melihat mereka?"""
40;47;"Dan (ingatlah), ketika mereka berbantah-bantah dalam neraka, maka orang-orang yang lemah berkata kepada orang-orang yang menyombongkan diri: ""Sesungguhnya kami adalah pengikut-pengikutmu, maka dapatkah kamu menghindarkan dari kami sebahagian azab api neraka?"""
40;48;"Orang-orang yang menyombongkan diri menjawab: ""Sesungguhnya kita semua sama-sama dalam neraka karena sesungguhnya Allah telah menetapkan keputusan antara hamba-hamba-(Nya)""."
40;50;"Penjaga Jahannam berkata: ""Dan apakah belum datang kepada kamu rasul-rasulmu dengan membawa keterangan-keterangan?"" Mereka menjawab: ""Benar, sudah datang"". Penjaga-penjaga Jahannam berkata: ""Berdoalah kamu"". Dan doa orang-orang kafir itu hanyalah sia-sia belaka."
67;9;"Mereka menjawab: ""Benar ada"", sesungguhnya telah datang kepada kami seorang pemberi peringatan, maka kami mendustakan(nya) dan kami katakan: ""Allah tidak menurunkan sesuatupun; kamu tidak lain hanyalah di dalam kesesatan yang besar""."
